userId,passwordHash
1,19513fdc9da4fb72a4a05eb66917548d3c90ff94d5419e1f2363eea89dfee1dd
2,1be0222750aaf3889ab95b5d593ba12e4ff1046474702d6b4779f4b527305b23
3,2538f153f36161c45c3c90afaa3f9ccc5b0fa5554c7c582efe67193abb2d5202
4,db514f5b3285acaa1ad28290f5fefc38f2761a1f297b1d24f8129dd64638825d
5,8180d5783fea9f86479e748f6d2d1196c4a8e143643119398c16367d2c3d50f2
6,75f9793a7639faa0b83a2707d60cb21c42fe9f50992fc692390a26ac2a21b29e
7,5bfdfaaf7e1b1244192a1ede1ea70f09f5642190821c0005669a9afbca2dee2e
8,2ced6e7160a9e2cb4be29c200852bfc4fe29d7531ff3ffc51fc1407399d8d8b8
9,b949a64fd5484e69191efb60d83f7f79195eeb2911c3eb5850af160841211f18
10,c0a09d876279cea6c57b4453c56737fd1b0c6c95e80b0a08ac48bcc97e719afd
11,542cbab799aabae8c7b3cd571e6c73395515ebd86044358cc3603d8e965881e0
12,f3c16dc3ef3ba55671b0ac2938730a4afc3867cf4c01ae9a09cfe4e2367666bd
13,94160c710f5c02b0deaa4f8f4f296471b19e1152390f31b545d75a3648e3332a
14,561f1620b13d82f635b00720379773d89bf42945d257b39172941f5b63074dc3
15,f16171f1256ff454c66ff516f9e61c69b2454f8065de099dd147452486b91211
16,9630a358e80519239f62f32ddd4e47f4e798dccc2a70c50841253ee54ead3d56
17,40c65d8f21b62fceddeaaadf221c5549f4fd230a214b80236584aa5f6b8ab357
18,e6e90dc078b603b8a7f4788a464afea9762108073cfb40871c8861bfec714ed7
19,e2832f0c57bf6c819cbd084dbb237c498b01909afed4ecba20b00e0a8139d3d1
20,69e44c3b1c786801d098ad5e40b9d347d300712254ea0e95d374620a08372f8f
21,4f184fcd08ea9259d231d74dedfe990b534c2ee568ca70bf09a7d6945d46bdff
22,7b98cd8482ae01ac3aceb273c9e354d48c5660d98a2b723141f8a9989a546b6f
23,d55c0a75cd34955bced4210f203dfe77f5b296892c2e786c091325d329c2482e
24,76475b1d780d2f58f852243140d9977e8b8c4ea81979e04afbf05fb3f0789a45
25,af2dce1d7b05478c8b489aa66ba16d6cb81d575ac687f735818a7d79ab9e38d0
26,76c44426925e963ceabc63346b623dffc3947e59fe2f86b27aaf15c2272db251
27,f30ba0eafbc2bf1750ff30cdd40a4e58532e04b5fd4c1eb615e29d4c0c22ffbf
28,6f69cb3713786a1004b49654c8b891eb45d6327b9fe9c6e62e1b312d55f006d3
29,99f9faf3e93315c6ad3bf2c44154bd2fb26e95cd44e5b8d989abd2f0183d6992
30,a877919f55644f46a0eac35e399aa57b84f2969ca2fc507257d8a42866884d25
31,400bb4601dc418bbe85a7aea1cbc2b89348278af16f9b6efa61c6d6caf4ead7a
32,6d0bf448644a37c2542d804060e0cbc1a312813c517225e98ea468705a8c33aa
33,4f508eb6bdb6d7f9944958158fc28a43106699389b1fe013a4428369582e2c32
34,0dff320ad5b517fec17e404e1c23ef3cbcc9de3b732c60a08f47989adb74ee58
35,380c5997ff95f62d17d80742af44397c23814e494e9fe015f574f30fdb82bc14
36,c44122103741598821262a48b05b299a21d4b314070df939790157e4820df1c1
37,f4ab853abb3da677d30d3c882816b581b4f0afd7f5b3b057cea945b7b8d9b9d5
38,a5fd9f571a46cc861737a21fd57166d7d0ccea2d1dd667a1db2697fab36adb28
39,48957eba0b512c1d3a43591d6ad78204b33ad246e17bd17b948c44af7957ff6d
40,a9d1e76b9867ad0f8756f83764280ccb33f72d0904804cb40b59e4f67dd91715
41,acd64bdcca5096884f65403f8e5f811b596be8b5e8b7a5bdd40ebd64f0767ee9
42,7d56d3104ec5ab221cac605d3f574320c959744c96f441163646aca5e0fbdc3c
43,74f129a526033fb8243b6da7e5dbebc83325b325cf935ca4fcd75410d5d8a82a
44,5ef2eb75ffd03aadaa50e97c1ee6e94b74fc2d9d4a9eeb30ce728eb28e449098
45,c8f54faa74ed874e44282221f33319fd7cec92535012f53c8ad0dd64614f6401
46,debb5c58d050fd542261094e3f83156744bea6fb8d9703c7d6d14d394c9d1449
47,5d1cab0956cc69249857fada51ea311bac1fc85f93c84bd080fbc5105b4cce69
48,273c17b966707db3b11172e1f928d71029ca622b9f94636da9f4866844c1c1e7
49,8f07a55f29eaea4ea8ac173210968a6619a177138faeaa3be14e0c18a833f1f7
50,b677cc701b04882c089aba9509037dc493d827e3d7412b4332b09b87f73b330f
51,648cacdcd3b5997ce4cd36970ebd638740843c3f555f717b81b681f782aab63b
52,fdd39163ae1385eabd729d04920ab0e1f84575b60dcc683eeed1e648d6156dc1
53,e86e53a316d9ed0e92704ec8d9a1caa0f7ed17e90ac61df62219d28d367e582e
54,d7bdb1b8803dff0b6ec679b225e9814f7e2c206691d2f7796e972de61525af9e
55,43843e60a76fad1c116a976517495a68894cf5320a122543c53429dba4ddc09c
56,6e3416bf6ddf54d31058b70315dc792148b21f4ba1759e150a486e5cc52f9551
57,54ff02b3448d6eec0c81e8fe7a9a1b9d46ecf2aa4c5694d0ca60ea84278ae267
58,b329093a92406a3e16127b8dba421d2824a4be89fde918a1724d41773874442b
59,49ab6d89c68bcfa5c8036ffc901c5e52e5e5c710832e38159877f96600a85831
60,15d5a5a9fe28031a0519d55d5c63b28383b364381d3976d960958e4f8fb4e2f8
61,d7393a1a37daa41b6b35b5272846fe60eadc65da76395a9ba6e7c3511a5edfa1
62,6e8f93f0cae44f32cfed0d83e33c0c1bd0fff028ad5143dd7c23de78c7a61cc2
63,d57e7ee7a3c3f1e9971aefb390cbde892606ef1edf1a1d213e49ddf83668326f
64,c413e9799f182532db14ce074ecf37068817d95576504076a2d128b67dc44766
65,a621f8cf38e8f2db871ae39c4e52122fccbbda259e768973fe9cbee04a61edc9
66,d207fba138273719fffe9a0e99afad217d380bee6283b631b6c075067234108c
67,9c0d9fd2efa2bd69a79ec43841822a38c2e8a0331682faab4c01e59fe9b81084
68,b427299bf2900dc25d80431dbab6d6baac265a8ac5ab95803cc119803b94f157
69,5d92822c071c02072074ac6a4ffa62f5a4a104044c28bfcb190146441b9f37aa
70,0eea2f322a56e401295c7a91d82e43960628ed994a113f9048250c3615bcb7f8
71,f79f2585ca2501242776577821d9e426f1e1a1059a473a99719441525a32476e
72,08dddbf6d1f20eee270382c1faff5600c7b18c9eb279f84cde5db60c72cd92da
73,c9eb6e4cb3192d6b1e8d9f2f71d49c51fe8e63cb8f16e0603c68052126bf0b73
74,735ea0a9ff74c274b2a0aab55d225cea390c9eac707124eebfba84422fa43d26
75,ecccb1c4dd86a88101cf39965f6bf172167fb6e48ae279312c56b667d823f35a
76,a93b8e058c196a6a7d5e8c184591f9a78e098b3d789b4a1bdfafdb09ba45beb2
77,241dfeb846821b6ed7737bcdec09109d7e841e6bfe138e7bfd8ad4807f7b38db
78,307b6240429a87aa10a77d709ce1ce5655c63f66ba42e587f99b670c822f90de
79,b89742d7f9846483555fc8cc6fd1f3c37c4cf85df4d5bfcefdc92237a0eb8a19
80,22c1923cb65778ba86df456be9ef4f805cf9d6e8c398af51ee5e94c5db59555c
81,61e68aa6ea6c86160e8ecea663e82eb7be16b0a38bc648c5fd8cc16e58943de4
82,78d2900cb78c6b0b103ade119abbc1ea7d47ee517e673fa8281181055b1f7aae
83,ea4e0777d30430cb3106546b3b5632e7d8305f7ab456fb30020613d9ad4f83b4
84,f799aa7d4a07ade9d670bebf04a6a9ed2735e776cfc4c480604301fe6cd02b19
85,a0866679e33fc589fbbeaf18c711a777ae15af8fc464bd0ed5867f727e440d31
86,45b1b749a6f64816d7081202e45c667a5a86431bba4160ff9c9be8d280a50286
87,999fe7f7609a8bb9f9bc06a0b6b3d825ea4986d1f8054a1881acda1669bdd840
88,1aad3d7e57bd0a263fdbd26f69537286085a5228493955396c83d9935a6ce80b
89,d143b69cb4d9473d1644f5a6e821b1a1dc2abe4e812063d97f414be4d1bcb7ae
90,b0396c25a96ecca5e4a5beeae7a0320a2dade65730f1b6cb4107a3635932329b
91,aa7ddc795b1a18697b8a9071b74262b279fb1fa6c7be8fbcad157b4ddc58fbbb
92,ed73ade7818848bd8c133aa16fc1ca8dc323fa9323d5ca846eb6d91d2390dbdf
93,853ccf0ec958c3387c0556e936b3dd61a1d9f08f26ef40551d17ccd80923dedf
94,af227a019fe5a8746acf890e4ea5a34b1a822d0cf58add1d72a1d1a24286f4e9
95,74226f5005c810610baa02ea22dda5ff76ca219e8187cce8b1fdc92c62043f6e
96,24a6f5f4a46c704078243be901f78b2cde5c1dbd425f3df7963d08fa43d6487a
97,5577db4316deaced7c8e82149ab5193d6aa1671b5c5124ce2fa2f581cf54dd4a
98,35d511574fd9b0bdd988038342ab41d002a1615680141254ecd7a4ea51a6cf82
99,98fa79a0753140a3e50853b49f24309fbd00f045ba849590ffb88063c7aad9af
100,ef526285fc3a05352600fbbc2b21bf71def15490c707540a8d34ec422c0e4af9
101,60e1933a0bc39abcf807536d017cc02ef2398150d428445e4b9b5f51d4a7b6d0
102,2a5189c1893c7f5b201b3f759e58bddc3d56ffeb96feb44061f1c28f0e2ec369
103,89817716cf2009a986f751f96cf7d7bbdcb8d11afd6b5034ad877ecd69716a9a
104,7923e6078f36f8619241a115116441b31fc1b28d6f8a5642353f5c5bbb14dbd5
105,7c1f1223d512ae2203ec4da5d6296fe8833779022b990ea360a48b6ddab920a2
106,efd156e196964f26e721710661a1f8d057f78f21faf51069c0aa3b5eff58cf18
107,c30b46d26f158f5c4a29ce70a87ae7aa2aab50162a991ce50c26eed86b826f82
108,1282de3e41d4743ba185373dd9538a0a8f8fd6f24fc1273d3fcb5b3a538d65bb
109,a76e78974bc69889132406efb147fd1776e292a7504c5af34a61bade3b628eba
110,1ffcc8218f8ded2c15a7cd43d752c9281bff6a30bc53193f20715d7ae1addde7
111,d4f220eb3b9401a1e43387334bfb0e7a1c6b8df4e4422a41e2803ac2d885790f
112,c89d470db1a2730c14c8837bd25fdf628490b9c6a9cbc6ee30db96cbc4baabf9
113,88688a38baec13e568cf0b23a6d2909a62144bdd2cca6a5c9990a492c1157305
114,64b584642bdcfc5c457b6b96b2bc48e27f1eba992600359f3c37ade449fa6265
115,d98891e7b7bc374ded2c1c020bd944daf91b779f0ce3aa32764f6ae7f21b63f6
116,598d01dd7b244a360086a4c935b2bab1c17f951fdcb4f1306eb2e1dd5b2743fd
117,9b16dc8fc8c4218b77be3deae53dabd4b83c23796afbcfbfb41eb9ff85c78fbc
118,a67e26a51c25533dfc315bc65be58cd8ba068dba970b8f3e37b4ff17423a320f
119,616820eb3f8b941a46adbd6bf3fba1c649150cfc76da45a99f93400a2e8982d4
120,2db31eb94214eec3a0aa443c713a1dc46c1dd12dc93133f12db056b3bf747788
121,a8df199bbade1a81e1b3caf95f41d3f397c26326004d21012fee57a33781d1f8
122,b25ad7e5b366dcac52b4c0ab006a3d1f081624a5607a1f2f5718ebf9cef221fa
123,008c70392e3abfbd0fa47bbc2ed96aa99bd49e159727fcba0f2e6abeb3a9d601
124,51ac01ca7923cd88117b7681343b91d21d3f6bae5cb0d949627099fc02f4b9bc
125,2ba627cc76bf7e271484bb1222348b5d2f72b4d7b88c1d4de49d8e87f74f6cbe
126,1c6a357f4078c76b07bf57eae3733ab33e40caf4f95c0dcff510693913aae35f
127,ca76de5ef73c21d215e4e406491d61ded2d59c33d4927661524400c945c0140e
128,7f0b3d1217075f9ce74b4b976f094b43792d97521c845b98798bfa0b8dcbd00b
129,76eac96f554e8fa53b9ebf671f95a84ab0d8ffe043881d9a5dbe3d26d7a87820
130,4de6d98b5247812a560de5053449693d445151023ac64c33ed02209d9105203c
131,d6127f579546e4d697f047aecd3e8d0240560f3497feb7b0a6a243cc67227fae
132,716a1d52ae6b2c3efe42ef4dd9937b4baedf9f161dadcd06c930b918159cddaa
133,29bdfb94ee78a07805aaf49d8af3fd490d52b77f309f38c1b3a0d76f201f3bd4
134,e07d49d4315c30be8f0af87fa959434a87a078ba633d7585d7a9b02d98dc3f6d
135,440628890acbd411c6a574e56f6e3bb13ff5cfc3d9fac1c6b3ed2ea2a3aff341
136,23da312d48c03e05b468946169f6d83e6181ee356a195da2dc6d08ce45bd2e44
137,b194fb063573e7dfa83b7b5d16df24694a235076ffe6749d2370b76e570c3e38
138,328a0aad0ab10d69fdd36c7cc4c6f3267fa179d869eeb14c58c409fb46186cb4
139,718fb75fce66bfa682b990e2e20096aa6cb588ab5b3e612f4bb92cda5cf4b1f8
140,58f6263b078c0b37772a31c6200185fa299b201df0831d00f343da39a5c2a8a6
141,cf17a0f59f772af9eb2288e8755a507b99b2e54073bcb64fbab3c92c5f98a3d7
142,97ad213e59663e084850c060a0526da0a91513251e9c6a39ce76581d991ad262
143,b6593724237efb450b23982b850e0b23aab2bbc5a5194c1ea90c21af8aa0721d
144,64e30e3df0e9181f73622cff8fc09820dbc379e36dedcb9ffc08e85398952074
145,7e2e7971b1f40e3c58515b997520ab8dab6dc68d10cf565c5880a5c192d41c63
146,21025805f568da1d1ed04a4df7e74b3e95212c72463bcf93e138cd612f4da71c
147,af68d1a743dbf4ac5356e2921341a5f0739db1b47b4c4a667cff7cec0900036c
148,eadea0d361edc6eeb18f08e16985d6409b1b3ab015649bca64598b23718162f8
149,834c15cf1512068de314aa9920f0936e9d331f83d7aaa138d28e6a37c24f6e71
150,c0e2e77b2b3466983f07a7f6271e0bfb32d604e32e2492439e93dfdc4e4f014a
151,8b93d5948618427feba41591464441c873ef4e92b7e858b15450fa39f940f7fc
152,411ee9c6f43c3fc1572e4c5d36b449a1e1778489f3add1735f69f64e88db95ed
153,a9fad4ea858e5039518e24a20864a347a4d300ee30f25aece083abf125cf085e
154,887f8435f8f0d35d81faabe4e138bcbee35fcb882928154f3d0d1970a5ddcf78
155,81c01b1672fe35702945b0000ea77518bce3c0fe9f9c65fc1bb7f330c3a4e4ac
156,aead19818b252f99644bcda6dd8d635febc1547f6aefe9e6e3c0a10f4cbe508b
157,97dbdaf2b8c92786f3d031c28d00224684708578c6b5541d613587cc20ab454d
158,2f51d773d95e39765d53e0fe361b93c5c74c1dc4c8cda1416d4495408cd278a7
159,a4e121cbfd849ec02d9198e4e67cd8efefbc446caf55082196c0c86faa7b833a
160,f6acd211a5a28619808b05db25a4987e27103f1596ab91c6cdf5b1a0dd3c3c30
161,0031323dab0b4de35242f46c135d7698a7967d622edc7e06e95e6d6f10203c7f
162,29be24d274ced8d2b85d198380e1315486337cdc4138494fa28a0b04eab9cbf5
163,a32c0c4be37261b6438ee4e58a09d1646ce0fbb77fbe7119936bdf02a33c9b54
164,146226aefa960d3e5fb02a357d94da4b181f3b4689df9484846b3f9c34c68335
165,7525dd3d0f1d96dc984ea3bf42559a65caf0ae8fb345c9009f093c0d98246673
166,7d577ceed10b318475ac14ec964e8c6ce7b25aeaf84fb1a9ed8644232cf6ce82
167,978ceeafc0f604c493c2b2a818b38827deba099e25e67db08d218661a2e8629a
168,589245d04e8f759bbd9302d07953d9af08065614ea6b403b7c1ffddedd1434fc
169,f9d1bb7acb15608ea28998575f8e34222d0505a67e8aa401ea8856d6953bdf7d
170,f8c9b35d58ba2a1f80a38ae1544b4b24f5c4b30b52e925cf9981a1d89d7a6aab
171,5e928a56547407e200b80c833c552f5689424db620c0c95adcc9b24597e97d2e
172,c07a7837db7b1a2fdf26867df442335a7d3dc5f4bd908af6750706a0389a27a6
173,d1c9e317cc867a6c7e10ea847092488b1281d8a6c5f4b105381a5f07c28f052c
174,d8baf969a3fffa1867caf8917c121b4fe0b26eb27f53e2de09cb595b2e2bbc28
175,b3b500adea3dff084b901fef9ecd7ba672f766098d4507b9d2b339699d3d62ea
176,034e76d6e86efc66b5244c16f2f4c5e556819c6f70b139da1f0566b865738551
177,48554af8122d89cd3d9b4f9f622d749ea4a2e5883e0542044ea3bde7bd4c6e95
178,6420f4b4bf02f2d5450bdd862a26686030882752de0e0d005370cc12c4b96508
179,26bc98bee0f89ec033688c673bc29dc2821f5465c2edd0903fddef3273eec2ad
180,97ab8c59094698ee468ddfbd746eaffa9946f52ae87e2c08ae4349fee10c4f2a
181,19b6a31195ced54f0499e1c10d90da560edb4964baf8461be9fb2cddc718cf25
182,20256f30f2a760e5aa14a1939cf8510f6a8ea44b86192a7091d9184bcf30487e
183,21162111c2e04a2f8a393b2266b83c457003bc7f0da3e016131c3ad003e78303
184,73d7d8224a18b3eb1b4dea3001aa68fb69808e7aecde3a1dd9757063fe78f43a
185,60e297cb4d5a9cbcae017f0f5aa25de7166dfe2dacae5eea47b0b8592678ea90
186,b5d8a62a90f510ea12da8165d931645f7c61c2337d0ad23ed03af98b9dff7933
187,402ba40be9784355f9c28229a3c7921d356be8d03292d360b38ef5026ee2a361
188,d17946c2c781360646e0dc0c1130f1f0397df6aa9dc0c6c18fde9edd9ae28dc2
189,8b8696049fd563a62617d105e1e12d4182bfbda611c9ee0311e56f46a4081b23
190,2ad91f0caf7585dda087d8f9f848c46bd0e478ae5f39551d546ad64c0883738d
191,f89c46c0f0a196a4f12b2a5552c02167a7ad16531b511412735eba228ae99855
192,65e9e9b6c3bc55d603bf9a72ab7dc4bbe6f625ded87409216bad98cae358c65a
193,1d110d3183d33905064e12bca0bad824821bdf9e54b1aa977d2fed0b09f2276b
194,6820663ec89581f6deab64e2d0bc6b2438a44d06870b14946d68508421284d67
195,cf9d5eb240dcc36c88c6a1502490a92685d701237dd769f163ecb90564ec4a36
196,06ce06df67d244940db2e9b49070e4de4039f8ceceb37fa50183e04d2abd7c6e
197,f028b3125ae09c458fb2d2fb8ac6daaffb2484bf6f26d0cf9c805adb119de201
198,172434c9aca7c8e8b44ecd41ed978c0c585b4e6ad321dc6c047660e77357a5bb
199,62cdef2070bbbfc2999058a069e763fee40c000decf8ac213a8be8c02b4c419c
200,2f2029460a16e41008fb652d6e76638a361093657fd9362e7ec3a3110bc300c3
201,a1532d443e598a0ff9464b2f2bbd786e9ee01a0451779d6d842051126baa0e36
202,665f81bb8bc2bb014a5023c14bc13083767a42e5e39fee5d22f882424ced4b0a
203,ca0b7609b0fed8bb0ab7daf2663d2bfdadd04feb70d61363223e84c16423061b
204,918471962411a2c40c406f1ad3b4966c13dae898ba4710c094c8a26902b1ff9d
205,db4f712d733fb2c8032415c55865537746dad8fcf132c8cc2a37c0149d471623
206,6b2edce9e4d1f6d5b6768b0c0b39669f0b5864c2bef8ea47a7e0002543e2ba5e
207,31332f802e3d18699c833fa97b43d4039a58889a2dc40baa3a179ecb683b62c7
208,eefc907a7b61f6dcdef942f77f48c7bfc1f86c40cc58eb08ef2f631dfcfef85c
209,aa283a7760053a814325cc5d680075fc5e90a9137d2ad2bc8c13e57a602f1f03
210,480501130ba4d45c0f6692777bb6e8398a28dbcacf765cc5879de8fe3a257292
211,ff7eea59b1519786b9e73c45e88810739af68ef6e9e4528623910062c0ddb55b
212,18a48e10d523e9ef53a50f3fe82cd504c527681a5b1e5378b11ab143e8fb40a0
213,9bf2eb3c687294b59fca350b08d811d08bc0abe2d664cbc8b44dd69ab911cb93
214,a2462ea80da322017c907582ba7adfb7f2c9f4901639c61f6305b424c5e82722
215,8aafdd4af290f4ad56405b95dd41f5a14466f517d3de4a4eb244d2df7c31db04
216,d0f609a1869dc8211869642d124d2442f4c0ba9786bcc70b1272730c282208b0
217,6389c20bfd636f1c963cf95a91b62383f1cdfceeda093705ab11238971eed743
218,10b0a6e3ae17af0f9fd706f6ca513a3bb758b837d7045bcc6d4c41a2d4116d02
219,42ad0a31cd32b4e444e95535f6c204e01b178acd4b5778899607985ae83ce2ce
220,2c9b6923320bfad88d5459b0b7a2bcb1132177f532697623b12aea81299906cc
221,bd041a2e012b080f3072e3f024cdf379b99ffe75967ef14bbb0639480772d02e
222,efdb785a80802bd3c7beeb06df953225959624af1cade6f009b0bb865b0499b4
223,e3193f9c1c13fd3143f0cbc77ddb3c08e6d54acbce36526b05dc2abbf2659be4
224,cd18e99d866b86b2933e95a1edcb84020b906d72f39260e4fd235f82883e11a5
225,5ef3653fe451df659de2b103a8bcec3a639d8b7b271aef81a8d5423885085d46
226,f045ab260a5fab4e27163bd5d99f33c94cd2df2a95f9fe25072827bd9bd67e2b
227,9cc8d6b99c5560326925ad4c2ab5dbba3fd557250ed9d12dec7eab1eb762dbd4
228,8d9667d81b68e0f03b990d1d41de465943fd7dd6eec744bd88908b21a433851f
229,eea3c86ace7e40a76559733df461b8fc391bf47b5be9ce1d6bc2a1f3b43cd980
230,ec6fffd6a204d44eb8e2ee9e7880f940f71d8a6be9aa0f4282dbe5b69b4c6a33
231,628fbe61f39b8811b2f5da2c770ec79ce05c48aa3596525893da5d94b30e852f
232,556f1cb93b9509bd72215992249574f6c3a18a55d86d5b547b0656ce09748b14
233,8a15316bb40a35f2988e747f2b341a8c0fb29a1ac8938997aea1ee34d230d0f5
234,2526d869a47209165c6547784c511f495dd56009fed8ccd275543d4f4100d865
235,68042349ebb8a0b0689660424ee6e21abfae0e0f1c169850b55a832af58dbdb3
236,982bf936ad10fca53e9d4119d1699a6781e9d7dd275d724d98c7c3eb49d1afe2
237,fc21e7d327dab1f33ef4fb16993b5488ae13ef831a934f0863c6f9d7258958dd
238,8f7e82d8df7a1e662ca751a848edf1fa14fceeced356a421448cd1946c77ad1f
239,f3f01cdaa70d02295419a6a5dbdc2798ff5e315f090824feeb9895c36d14e08b
240,48ec47a43620efb4eae36a9ecfdf04b13618796873777a88ae6e70da6874a0d5
241,8f7b777e810d8f63fb9c7bfb64b004c17df700538f6e1ae155e3595ddbe110fe
242,46f27aa024fc2366a7032d7798cc404125c2ef6d7bef47d995ab898ed02f3add
243,10317255ffbf37e41a86ed8746d504043ac0ec7afa2c1f53e8ba5f7a87160d76
244,beeeb2194ecb0732323b7a7a05c0e707cc7e15bd83f44ab7ae76d86691b9434f
245,f79d8e32164dd6d5bcdff887834a230cdfae37cb28b7434616a31b9e05dcb31f
246,c7139d0a2676a0adc29befc13e94d768f86dc84972c655af7011a773204bba49
247,ac9508e34b58499501782da5d70314e2b1849d711558ee9359cb1e55c8844a15
248,fd35a1833aff92cdd43ceb9e593fdbb26fc85aa4a9dcab696120d9e546f7a772
249,2cf40d0a4f1f93fee255ced1d71f844949bebd86fe16be6486529255d7a62cb6
250,d74d95f5b393f3c1426fac1f88947d9e148d9c7689412c5e5c2785bc6c1de3d4
251,829e5355bf8a0d0b91abc4262a9bc5b3b2bc2376fdc9d5e093a3fd0aaff79355
252,35657b6f2098420e102b04fbb12219dcb5ffa25f22c1aca0081bd53d6cf5ad84
253,9665e6f828d82fc924a1deacefb7a75cd58935fd146f99f9b18c92f09dee72bf
254,040a3a8aa3f84dd362aebf3a48bbfda0d2439a815b66365b008bf99883a72a67
255,7097675d440c2664db2c8cef76ed86faee84aa700edfc6652c09b904b603770a
256,d88b703dd5f152408050bb1d9cc2f51ea2cc1250f454162d580bfff3e961e8de
257,820330bd2db6bf3d259abab9c7f345a64c44b4ca203faba675fadedd0b8c8463
258,b9451521b0208b84f2419029ca977660abc8763751ef72965c9379508e97192f
259,b152139b9e594c02b9eca4e6df05bc09bf17a4280d45e417bccfc94b24ace173
260,3913a0debeeb7d7e600b1cf9ec0f5ad874ccd38bbb70e3828e665898abbf6822
261,12ca1cf577333c178165a37bf094a92e3645b4ac34f89292f9fafe2602bde5a8
262,f7b71010d3c2a0ac7ed18eadb90a098b6d80dad654434a80fdb90c60e6fcf917
263,0fdb48fa34381119896846834ad93ed3b1438c8fa3dec151cdf3b85ef42c6e9e
264,5bf3e7e788c06d5fd2e5b5560401308f683de852d4e104ce2866de1a59e5c839
265,4174cd46a690859ebdf5f40046e77036997efcbbd44e1653dddcc4634fb74db1
266,7b877fedd57fef86ff88b5e253faa8d857b267181b5be1070b559d9e5d3c8502
267,5ec3bb4c6a41a03521deaa28fdbde7da764d3b50251a8751fadb0807f612c6f9
268,9c1d99bf604da9a6595bd84892c768c110dfa0a8211985abc02e3c90c5b444af
269,27f0c615db97ae5c7d1e307d9ea4cf1452fe3685c88f6de8d3d4b7dbadc01d3c
270,85dcfff0c2ef2bdd3c42d3c9c1bc9281376af628254475cc0d7a6a2220f7147c
271,64cd1360c303b761fe3e50524dbf84ea718cf3b955d698813fc1ba412722a4bb
272,839041ce05f7f688639ce3155060ffd897da0ebf380c013e1498187d9c20eead
273,74f7aa89d018aa5f386a3d22e6cc317565871ef61f70b897b2c191f24455ded1
274,222a9276e28e7ede4b4906c4f8de9278aa534fb23d5feb9df6fb0ea888207bc6
275,5823e0901f2b15a50af5736d4c2d7ed2667ebf5eed6d4a7746f8531c1638762b
276,8f785ea95de6d9a59e533f623aaed0b60c2fe95d71d9281896e6db890ce758d4
277,f539022a6131132ee78109662784990288c47765b463ccfb12b78ae6004d4857
278,8fda32b09222c1dcfeac14ba4f5e44918d82a2d29916d5fd01c091803f7b06a5
279,136fa9df2f614039f366fac626c1f508714a29c7a0b1374778137e52c8172514
280,8f4c0c079a46b3e8e6e0a3122bcb4fff0979ad727135476e932212bad905c9c4
281,ed02b7eae95f4123f4b9064ef951d42f8621526b34b263830a4fee7db5048dab
282,7db0b029e526b7bfa831d2b936294ddfb72c417d2f131542260bf429e521635b
283,55d5a993ec9a3a544f7d4fe6b84e3119fc4399a30ed46fb3b1149b806243ad5d
284,debced78bfd9ffde4330218abf0849ad64a02a71236d39a53a7e0aee146e82ae
285,d1fdd5737ce5bf6126e733791e192ceb1df3f11f0f24cd5998f7ef90d13793af
286,b6cc604eb9773b1a50b347247702799f20853ebc2628295d32871ffe2e38b072
287,d8471a5b6bfce763f03e8e741f546aae5956cf0dfea8222b8f099b6a3842824b
288,b628804779577cabdb7f0af092cd85fa9318923a37ad806cfcb543dca67376d9
289,a08456f17078501068e65f988827e75d8374746533fba06fa2042507463f4d9c
290,43c610bd262b54d71699d8752651b87d953aa976f575c9fd8f197e65d34dc9db
291,19aa00105744412ddfcd05ef178cb90f15426c78ca650ed7d68b8159493067ac
292,b7b27c43c4116744f7342d14f5e2b0b17ff1d5155af45c8289fbcf6f8de83807
293,507ba8bb4f51d0e3eaf9d4f57bcc4d76bc6edced3b5db2364b593ec12b818b53
294,a325b3675380171626119b78133052a76b62d7cf93b448c787cdd1fe9fc3ed45
295,d62a464998a31e4d2898c57599c612e52c5c3dd7024cfa4e62e53bc053545d4c
296,0a4d33bb5e23c608f1cfa8f20a42211ed61aa32bb8273758e4df83bc46c9e648
297,a030e422f0e8011354b0eeb18144d2bd7072281e9cad76c072f6f65c74a97a11
298,99d8c9f8fdbe4cd79a04e91355520c47f2af8a21b857907c2c0eca5c7dd8f4a6
299,5e6c4665a7c413d5de71cfe3b46f4ab9d14f9bc38a2282f77071c99749857e00
300,388c2d204cf9e969086ebcacbe1d2234d2caffbb219947fdbce8a6d66ae739ab
301,eacc26fc92d78ff8daaa5c53da8b9700d9433b561f7c21b1ab9547966ae6e806
302,b55a47a740aa32f70c2232179a93194ce4ed88a84479c7a4869c4d78406c2f74
303,72d2c84a2761b55dba2be149f0e3598c13c394610e9f6df8ac9d9f2009a61540
304,18a8711689a9e2b531209aa3d99e11a61b6f33a10bd077636ba950171711c4b9
305,299d0932c5888e59e3d38f99f238603d5277a93fc55169e94796b31c465b40a2
306,4f1d04624aff693f2a81e9145910fe309f0e69bb6483fcd85fad886373d237bf
307,a2881f2657f10bb8d65a3ad55905cf862183a0d566c15a91b2be27fb97143a5f
308,55fd718000feda5572f008bbb079ffa936fad8d374a3b69d6674ca58bba4aa27
309,0bbc55617e3134ac53494aee20dc8222d2b8f2b8d9a44a024c59d1e42faa035d
310,ff47d2c5f7cabf937872d098561d3ca4ef1519c2a8d12cfed039be74c16be889
311,6640222e4f9e6aa77419f6f14b939f37f64bb15be114903e0bc50c90b2d5b135
312,8af49803e4e0bbabf59e70f518c593e4521ded0eb99b39b6a95870ee7d8a144f
313,8df52a23506ade662c92300858d483e913bb204fdd1428ad2175077861b7a6fe
314,3cd1dadb97ccaf9987ccd2fbed0860dd5431a3a69800b6edd48536643751089f
315,3f5a3e0ea4b591626ce33e08b93c8fef3c12acb2a341db3bab846ddc786e35db
316,40892d7d2d02e064e1bdaae1ce69f83e58a29a88cb3c3bd2d2ccd4cf93eee868
317,b209b9fc9a529a1ce623c51297aa87335b7f1867893e4dd29994c7053543b113
318,341f8ca180be006136519b590abb4dfcbdc2a1914ac83a57b4ce36a16ffc138f
319,93a1accb25cab80be3d16a18d39f1f3c7897b57e3ea3512238122631f5863c02
320,c95237a38a51d179710b522f9e2573d05ba6c7d3ef194953811f69956537392e
321,02f04c8bd67d4e24accd9db20ac65742907868f5a22b7e4c9bf1c7ae3ad86c65
322,47a8995445d0cbd58f1048da1ebaef0726aba3bd02c9aed96178037d9ab56237
323,f6ca3b99008f7c3c87b744e075e457d5196eb0a5f9f8b7cc5d531e92d515f507
324,d64a2757cf7fa0d79017ed8bac3264fcfefee608b9417011c955e1e29d85d1f6
325,9a7dcba92b0962c64342e31402baa7cc9b9120b906214fabcf2760625f59988e
326,b3acf328c4418732b558fed21c0f41a6b7642596b2b14b0e25445d0a7c9cab7e
327,7f0303e7a76194088dceff6cd9650fceb41c09a240702a38a26afdf8180d5df8
328,4e359cbc6f9a36d0b063c4d272ac2de76f13f2141df6f5ef35dfe07968ef0a4f
329,25fb38dd191570aedcf1618f30c3ba378f3e88261225a5a494c19ee5324a6f4b
330,3c560bc0606f371476d8fb625d13c80f4c5177cb963c45cc316177910c6a4f17
331,ccfcfd20ecad98dff3ba3416fd853ec6294d211d9e8a1507ffe651c506d2ed2a
332,52c77bc9a775c3aed8c1493986cf4bf78ded916271ee5f41580b4ee54c9b4d08
333,7299299ca9bce62c5586232bc74723cf6ebbfb0f7fe17e433fa6f85ad7a5c699
334,4e0a56642ed575c70fbd2f302b22224f9c0fa9675259e0758fb16e8a4173230b
335,7b999f815b19847d923682abc72ba43c58110533fe8106ad95695513980f7570
336,2526ef7d76eb1ecaff9c2c8027d870f59f2687dd813058c3949633369ed08885
337,c4817fb15fd41b604c2977a282d0af679e72f64423e6ed5b7a57573604621e37
338,e6c027e5905ab9f18772ccd3c53c08e96b0bc0cb0cf553fa8ff0b15a314bb2e1
339,474f702d7e794eeaa7bb6a477c45939ac441a41023c8476614099b46b275ec17
340,551decc6ef7a108cf0761626a43c7754fc02cb2c1a6207fb7edccf2c89987f48
341,5a57a909868deb89c0ae800adde0b1b425445ed01b238637ded55654d3d61c61
342,a55c71037578930e8d25d2f8ebce74fdd2cd3dff82af2e5387d7b8f7824217cf
343,b2940e942cdd0c237c75390a3d0373c1f23b94e26f556f21015e19d3a1581da9
344,21d7ed0d326c2624eadb33f46788c13c1d17e1e3a6aa0a443ce41eaaf5b368c3
345,370421cafed5e13b8976f66342d2b46554cdc83d493c7ab6d4735f4afa6d40ae
346,8ae71591a531c8edea837cd0fc2857a12effa7be4d515879fc6ce80656b9f047
347,75e7ebef1b30e506f799ceaa2c2aa295709b95df23a1014bd8aa8e0120ab8aad
348,70cf09b04ac2c79514718ed5bb1e85dbd9891b3d47496d4cd0871408080df0d3
349,3ef9afa1cfd2f2fe49723c7624662d7173375153f279b11316e89bc7a63ffb19
350,1f52a957b7f79de2ee4cb70d04a7b564488395eb1854d9445b8fc01e26b0418f
351,68c315c01e37495b4f0fee11bdc78f89cdae32bd9e7c80712f1fa8d549904f62
352,3dba853430753654fa496f2936036e6f08101e96a30abb48b56c8fbd3f926d6c
353,b30ebd476893ec134afbcd601ce234212b23c00bd3cb1d38305361403a7762b1
354,38a03666a4b61aa00952d35f1332bc7db4f5dd6baa70ac43766ca308aefdf81d
355,68d9b572c82ade168fc455805de40e149df3a0e0249c4eda9e5b244244e757c2
356,5431434ecf8426b40a1048944502f1ad4cd0d80f0be6f903fb6d778166471cde
357,54014644cc37a812d1bf21a8fe2384e2bcba73d15ef77899a2e1cded1a47b0e5
358,4c13e5cd2632266dc9d565296431318d4c4e517cd51643a15f661e7b7b88677b
359,965b641d3ea9e2b34fa8f2d06a6ab6dc9602e9227cc9194fa63bf14be9b2a08d
360,bc8db558af0ba728a839e9ecf51ab597a9c7c2af3c287865421024758baf1300
361,b0bba3e4c47ef751c2be7d14c429aada785106ff5718411d7011ffdcce78c7af
362,9c409a4fe92700c0826983e8a0936a6b0b28a1d2316c6927fb8ffa83217e60a9
363,970ffc592d1fcc6da4dfe4b7d42b6af87ba75524e947d2846d12c839d915b4b6
364,609512ceab25381abfeccaf53a447edf1144f29221940019323a5516e3f5c395
365,68d9c09a2a064767c547d87f5cd2648f3d8ffcbe2db1f39bc7f6ef80e8e09a6a
366,e827c4fdf17cbc5c4bb0005369375573a9d52d0219d5eda5904a65d53930b7f4
367,a8a4610cb8c5214e21880d0f33e51abe4cae600f9e8a70977209cbf7a138f815
368,e6750470ede39399694dddabac6beb89944d2e961a6a306f7bf0c41aa81f379f
369,d79461f878f97207c9868d00a8a019b6b175c408b8c439e4008622f568b71ff3
370,7e928236ae6c106d7bd39b222889b8b37686e2e2094ae799393008f6466b482a
371,44e2361db16d84e915951b59c8ac80af69710a1158b6bc8112b84ce2ad58a324
372,7c4eabf6771e5f9f8d6c0a9dfe76eb03dca1dceab8484f9a9f294ea09cd7ae88
373,ae8689fee0f8c432f6b44a68ea0f9ccc05fe237b928633f083cfb5d237d81ed7
374,667180661bb015a99848bb653c60761a35950caa138204bf31b6014ba7387f2d
375,acf8c2ad7d7244c8a3c53479cb756af847ab2b3ad7313cc22658a2dbafb11f3d
376,72e8ed6519c073f71da65423d072badf7922843f39fc644873c7e9a11ed2f0bf
377,4538a46e8baf619e79ededb7c84da684041e3d646d574a9bc19f10464eaa4554
378,a9f4ff7aa7b686758ce3a9e673cc35774c044698a44114bca61533bd8d128598
379,0dcbe3f831606851f24adc27f55849ec94b23dbb0e0d32894932aba4a5179192
380,e1240eb5584796b27ff70140e40a560795d9e395ba87c9552e32afd4166faa98
381,84ee55e6cf810459099410d8858a2c6a20180a315e91ca873501109c89583280
382,e732abfa958b2e1a0fa045fcf690c3cb2b3548b99783c6650fd5268604d1fe86
383,cc130efc97580cc0061ea103d4887e185e14c0107eceb96c7b8232de4bbc6c47
384,50f332491e1ef289f265e72eba6fac763dba20e868c6cd4455e3472ad85ab2c0
385,f765b5e94a6fca35c8f2475a1c5672b0ce0ff16668ff089b9201655babccb748
386,3cdb69e80fad24d1958e19732b89689e525bb7b371d9648a121947e3bc462f5e
387,9bb151d370a6ce7aaf667c12f5d19667f27a1db173c1299dfc3bb1b0e8d5d689
388,65f38b036da4de78a4d6a5069e315e9e3be9decf99bd0339ea981e02a03f652f
389,9c116a1af63f9b6c616099186d190138766c73065639cedc2194cfca7cdfe78d
390,0e6801a8380657ccffd94a11bce76894a762551cd353b2bcc913b5726c552703
391,0b7229c331ea366c910ed6658ca4a98d4caa785dea80c7f247c568b1f3b1e0b3
392,3fe842d02f261cb6132ca649c88484c1cb3957324c02f03fd7e9c262c222c95b
393,3ec66092a58cd221021f95ebda4d67ee7111b72eb7dd30667e4421c56b75c948
394,949aadc78a18178558e6ea5bc0d99d1653c08cb61f0ad77a5b7100b8aa64169e
395,a9169e7b657ce82289f81a366f89968a7fc1cd375cf3abfded354e8c5ba1e066
396,0586c93f404ba080b8682c590ba64ac2b3da06488729aac92c93afa31bb49821
397,4eb8e63ea6446ffb140b1bf2069390bc9d09034cdfdc0fb607d3ed0a77633d49
398,b993bd03c009832686a860999ece4197102766b65161da039d20d5e2290af7a4
399,934f2f83eaa9d2cec7b04bc209ba2c8840b1ec134bff68b62a1539b19245f9b4
400,5b8ecdc26a69bfe5c373b9f5fae3f4b36e12ad401c6c5d7d4b963cf737b05310
401,3f2372cfd54b6350dd4dfef3edfaba947a2373514b7399f02d59d72385803ee0
402,65e55e3974ca745782b509ff597772a1fa109375e54744c404359ec306b8b7ec
403,c09f4155f8e07e6f4ba08ee946673ffe341fe4a77945ff4062744b9493533202
404,542b8bfb9f8a2701b2fc34a9452585215044c2b4621cd6ba1591ea52c06d9f6e
405,3c6ae7907f543d581b42ab7fd6f50485ade43a2dbf24f721df3e4b27e4ac28d5
406,b2faa9e3a051c4583c925b6dbc434e4bc577592c58e6a2554308879ddd6a4bbb
407,0fac307c65b6567a357d8e2633e93ed1a9b0659b03c9034a0db569a943d995b5
408,fa0826e565435b3a40a3946d82b4a70bb932e7a15eb263a0f9f4f1fd5db0dfe2
409,9b25ce282bad8dd5f2354aea29c54751124e8c0821a7b359f4e2739866374a60
410,ae71fc5721236586e8fbe3076ec209c5a3036fb2eba7aafe138e6c17000e7a83
411,15c89438ac6bd9da97b1933f879fdc0d0cd506577a448bafeacf32aee6d14c67
412,b14d26d7e48d81868bb5029ce68293ac86b91a7143101ce6ea5bbed962b07d04
413,88111558abd3eb0f5ab5445f282f785cfed1dec2d8dcbe80cfec2cf8c96e0201
414,cebe360a5d41e392a735b2f750826c0865cfa274396f6a16656fb2d75e7e2cd3
415,5020a9a0350f6ff212219ad817158cad51898efcf446b87792848b8e6f2d5d36
416,5f7cbeae7f2d209a2cb6b08473a79e9b54aad8318d26a9879ac8de92de145955
417,356baac4c7610860c8773841f2569f7cb44c129c31342ade1d863c54850e6437
418,ccbb2dfd1cc6d55e06a427b75e79c9e825f4a1f2ccbfde6cc1c519150cf43151
419,6f8fa18e615043810243eecfa0cfb5ca213e629bf242ccba2cdfeeefa6553f09
420,28620d596a837ca8dc453ca7438f38b7135892364f84608d6f4e26f9dcde3cc0
421,3de56dd4c5c518aa42bec2d89b0bd7a85d782121b0464d75dfbd06499c479be1
422,21e89cbc1d6ec44bd73409897a043f3ddc3295046e0924b59f13c0a102dede06
423,446728a0374e90ac1879edf905819e399aebc889bbf96ba3e21ad37128234777
424,6644f54c3ef86b73f511a5be32be0f605ca1cbe7225630abb077eecc6d8a486f
425,b93876813b1c31b75cca7476fef709b7e73f91966d21db169b1cb9cf6b716991
426,6d7c09f15fa88b907976625750cd8df552919fef858288ba6a67c0e8995235ee
427,4bcc7a23444daecb17414076ac0f45141c3d663168e97887ca1670109bda8fba
428,836a53f0f85e4518621a47224507b021fe2a370a1b74ee49e4a796f86d4411a0
429,d65f5c6ab9bfa98a06a1a0b3c16c9b5a42d95d25874aae954a4241e51033a760
430,09ed7870dc268e9b4b9c90ecbf301153a22f33362bef73a0df116751a1723504
431,d224385fac178526bcaf1f032e507558a1971a27637677a92e3a9d25eed0c414
432,30dd220a9c03e61514c9804744d236df443de4711f3fdac1ecceb68bf666c47e
433,c2508bc15a4f8eb691ee8670608b3571f4ff27b4480cb9acb2a36688f985a71c
434,32453d0062af633b482620d33785b51f9f33f95b71f7eb4df1db3b1ef324be95
435,1258f51a2d790aba65c070ae0c031fb259177077c4728cf6f8f29a8e691c62f8
436,f593800091a384897e82a2782f47328a7bf1daf5473a46c0b1831620767b57b6
437,24ba025169250a6e6053213f4b2e1c88e3321efa37461e12edc57f9076fd6b28
438,b915692e7d24d37273242f50a1ab2b61b76e97e62f96087a00ff1fca4f5dc736
439,802f04c53461c4b943697dc338122dd46c4c24e5f65fcca8871071ad757561f7
440,ffc917d1d3f106483eb263653c7b8b152d78a0fa733dc815b1102849b534cbe7
441,ba48a91ad1683de947044a5369133afbc18aa2c2ed35d4fd3a7b992d099d903d
442,1316f8f1696f5183a32d108a0502b50b593bcb4ac9737ae3911c21d015d8fee4
443,0bc5bf86e0de48c0d05766b9f6b3507190bf31ef38bb2af89a32ffcfcc3792f9
444,f08d3bb6f3462a1f1138bd26139e7e7e7194f277399bda2df0b33307fda4445f
445,792293f3a417586716e7b902e89994920e24adbbc63a01c14b0f93b7b103c698
446,8c46776683ad04712f9617df095f1cd63f83c82517aff6c15421e8af5beb645e
447,d427c1d3e173563ff21e5c14dc06634ad471640952f99f9f31d208cbdfa9637f
448,efa0aad5edd9c9a35489dc7469ad2a191b9c05d6370c1fa87469c8abcba5c47c
449,3cc95961f26182771b682b8b38ec4201c32eaa2a22665eb736a56ab0cedac8e7
450,77de8c642d6aa2f5e8de026a9a45fa9fd85c41a9d2503a92ab8742ca0da7a9a0
451,1c8604f58e758e116cbac95038d39cc5a58dc289f862884c1efcf0be67afecb7
452,1d997393f2b342e8114f7fe609d19fece33ee1de9b6fe078007b76f8ce0798c1
453,ad2f826e41181a31c581e34d9fa39886882f0e7e491141f120dbe80ae2bf5a13
454,c29020972e6e8a6e9c7438128d44f72a7809eb6197d2125642a00c9c3c33e93a
455,1625bbea2cd1575339edcfaa6c3434315d1a1cd5054d8f1bb3616bfb5d259883
456,5d1a707c451ebf55a9e2539978c6d91dd0c06f4d3020fc2a6be3e461a17f2081
457,b1e8b20b856446046d5545269056aea821cce031bd5c76e67ac20613333032d0
458,b625d608cb10871c370e47c7fffeebae726822f25a0e8ae63c81aebb61e51cbd
459,ed0123d6ff9ff1e833c715fc1cca47cdf605e30b5f758fe6e4c08c5c4c469818
460,f76434f0f222ad5ef93a6a553cead59bbdf4254bed67a57ec45408ce00dda375
461,c045ea3f0456294856f0f5bcd163774ec6ad60119b99533b4abed0822ec1907a
462,c7f07ffcd50565400ee7b8c94b5d4b928c1fe47bd32647885fff3518202924ed
463,7c248d61043c241a1c2c26930b2f5f939894af3acf618e7a4ba48c37b4afae66
464,cef76d278c0911ed6175744caf8768af5b533318dd99f3d8411393517b2fddcf
465,58ea9b8b68619a1f6b2aac8f83304367a920a6db88c4c31039347388d94e1a21
466,bdd346afbc526f938a5415d729a81025fad7ee70c73daf3f126e57895f120340
467,caa6c882dc9d9002f6421bf2d7ba1ae6bff0e7f4aeeae701f3173c0c727eb418
468,3eb86d82b24e42965b6e047378636df9ee25814a3260eb2dce723e9ffee89915
469,240348f642d14264333a065ae264ab8017dda5949caffd883381001c52fede1a
470,a6a1be4eed4e2a343eb977d9a6246be617db16cb9d62d02c1fae39a77a6e816e
471,567980a322534d28fb7c5960c12a2bf19d0baef68d858ba465641f6d9d562a34
472,0f23820376b4223c67a59b1c3da5ddb568dfef5244c065839ed52789a1ad971e
473,e0d6cae678eef1dfdd283396c7d2ae974de68d834f3ddbc297c8b5df53c66af2
474,06f2782f98d76f0476c35e5623315cfb4bfae5f9fcb700a2c23b4268ddc268a2
475,aff84350a32d8bd2c0f73596089f702df7ab7ba38a9b39fe080b33ef17e1e893
476,92c8ca1a2390ace9dc2ff8ba349ac285837a41f0ae37c63a6cb491f2970fc539
477,ca980c966d15d5895dd6c6dc434b74c0cf4c29bafe43f0b9e7fd06f2026483d1
478,a78af7e605b81648f1f5092e4c38548e28c264f446de5b25f2cf6836fa1f5eb7
479,6df65de96a41c774ebade1d891e7f6c2e5535e4a0c703d977de609d1466b97de
480,f840d2ec79690daf9fda20dda487fb57d57436f41ea8bb9dc5b728010a6c91b4
481,56f8eaac5928c41179773d77935e30637244d34cd67d7fd772b4109ec079926e
482,902c3c48f63356ae1ef02ed0eb76d523e5cae942b369855771b23a2048d73d83
483,5fcc4224c60e60c990f29dde777052dd3bb486c4c82efd3eea3422f4fbc3b037
484,7f00b84eb2d1c5282279785c74424b40248b754de8e48d36ec1fc5a6806112dc
485,4a22fa46a5d5c1c9bd3b66b3bba28764efe9a3380060f7ea291076545e9b231b
486,fe9c266046351bfba84d1c9f0b428193653fe60193eebff3614dad7faf7ea7c4
487,362a7d9c17300bdec33f3a65686d52b739267ad333a5bbdde96ae1d3326549bd
488,148ebf13b8811a67830a106928d0479a0a4f2e690d4f87b9a3e030086331293a
489,80f8720337a51c45f6e2bc9ca0ea496e0a466e3f254bee0e76ff2a81ff186b97
490,f69dceb066811f17be4a7a861d205e7a46fb97aead076b182914025b42ed833e
491,b9410fceac52ca45338b7873b218c3de027956184fb4595e11a228fb15f1e651
492,fe3b9325c1ffc76332a478b193245c49b43790541bfad3b0c9568440466f49d0
493,7a29bc9a43218074a6db82d53657fbe7795ceac63e74d752eef6f86417350edc
494,c8b698deed405ff1667fe84247ecd23924812a9bd793c41feb1b329bbd1d1921
495,d9a45697fa8a4b0dc84dbf69df7cd274cae35ae62f46d5669464b3e7d36b6fba
496,71aa37216dc68b0d841d442ad4496cce3c5bf5d9c3f5f76bcd45cba6db7f3dd9
497,1d804e5057b93dd2daa3b7b1b55035550e525df6f8751dceee849d2cf86d5066
498,dc1b9aaa54fefdf55739a12c576c3789c7464a8975a202fb26b83e29c50390e9
499,4b37ad6a5f224537f10cc6f23b8df45b00940b18c64c3b9c46412034f1dc4286
500,6a67e34baa1e00dd326ae13fc7e1d7eb518dda6b18908921963883c960de9663
501,b05b6fbc82ca32387a14d11741063f2a9c050fc263546f892fcf2a558374eab3
502,6fe75c4d2393a9b0e1a976728beab873197c00970e57171c27713740fe6da8b8
503,c98ec309427920c031d304680cb12a8b739458dd09d2d8f5056ddf80cd0d1380
504,e9f4c53f90422a1fbef7d7e8db39f724ca9faa8b2df71fcc32f4d57e64572daa
505,1e5a5b8bcbe0c00519daf8ae9d6cfbd666ca529b914322975e69c40999f1f50b
506,9d68543b3c722443f57db149d200619a8b1b6c95cbfdb6a5417804b116d1e8d1
507,92660c22b3bfe93a6d2a0a544945ff67d54d2026f9c2b3f92b356e889ed29bb8
508,42de88f5517ef4c8573d260ce70f384baab3f335042fc97293e2c5e9c93fbf28
509,931eacea9f516ce2ca596666540f94ee007f443b2353aec041a37ee73c73f21d
510,54f567c2948b6aabc07dac5f7ff05d746411d67b80412f238b774aa7e025acf7
511,74c2e5d800819782a43e7ad6dd004a7ebbf8af69efe36f75a618b124a6542092
512,913ccf798aed9b24a5d8d34c9dff10edf4c60edb0c507e3535193bca5b459a31
513,375a7526162325cc7a363f5cc52a9d053006a10ca88d080c986c856c6edf6056
514,4933c4d74e409795c53fe2672c32e5b2717b4950fe995c283ffbd2315c5de20a
515,4f2b2698b8f6a2aa8fe7d8cd0ab4e0dc94859595a2407d613f96dc04958792eb
516,bfd0c15d76b9b3d4757b6cfdff42b12623440eeb3aca14b4f6f3ddfeb7a14b8f
517,4d83bcbf8a829021b5cb4bd63eaca481393d54f3083b810c398b4bb499b91b65
518,28158da334f8945167308c21abcb07cf33393d1e7bf36326730ae8f4f74e0849
519,881a8030c01a496e9f6fcd856ee0199b08b726c016abbba769498fdc74ccd0ab
520,a80fe7331e0dd22490ad0f3fbfb5300578f736b287b29ff739daa74ff1f4794b
521,db4124de22b8c66e32ab0ac3c9f1b9abef165ef670ce154d1db3aaa90bb4627a
522,54b9077c42b1c66a88aff2ae3882ce1520b64d64316f9be6791c1bcbc9f18ae0
523,993f8830120405e46b502d38c7b8980beae24e10235b722f9b4cc891d56def34
524,c226fb496d4d22ad4274ed3d693aef08acb05585419f853cda712caa02ddc6c9
525,d482c4e12a876b9412000c3fb3d72b889b992c2a02719f7a9ae1867941d2786b
526,db6ef44efe69b29a2244fa9cdfe2eaf41b86623489ea8cd511b6dd6a8d57c10f
527,dd5845e8972a1fc286243dd649a9a04e0bdc8e6bb830937ca9f9ac26081c1854
528,d191e392ff133bfdf43f252732154e192305de12260af231a22a18435cbce643
529,157b2a51a63e9fb1659357341e979dfa76606c11946e33064153702cbaa6acb9
530,658ab2b082c56930ce871e645335e90767579b884d27e72fddc2990f688a42c0
531,dec96dbc0f8e3174375cba75072f6dd6502a8be4ca769e1f856179b5dadd48e4
532,28011ec4566425ab67683ee9b4bbf7e5bdfde0ed682b72705e9933a573c3b3ef
533,df937842bb0746be02118c8316c5c4fea91979330b49f8cf20e21f5fa7b9f8d4
534,7674a405e9de8c953a08bfea5f108eb270dd9b9348d5d1d1f1a26a631589e73f
535,7f61572037e3fa394c263dbb379b564705a9be02e0e277e470c399461ecb447a
536,0ddcd17bbbc38054b74b3006a353d418040aff23bd8d5dc582b9ba15a8e3320a
537,e0a0b4ed2dd83bf8aec8760beaa7745b339190181c5bd56c680f27df4ce3bd2c
538,3976ffa57e2a627b9eb2204c56330f54ba19d4bd936d7c31a3410513091802f4
539,7831edee86f6d451bb1028c946b3069d0df78a390b3fef319a9afffb7d83f1d8
540,04989091c05b6c5fd26ab7e91be2807c4f7f0fc92a8341675c91d871e598d797
541,01656879b5c8288e93e4cfeda3d0a12f46009c0140fe988783d454ddd2b7e8c0
542,6eb43ec8c072f1581c05f194f30617b051d8ac1067b588e29dee72fdc31e949d
543,736d80e8381d41466aec623324d3d6a85808da79d26538884908276c5e1c9cfe
544,cc9c9e98bfcef4e1844512be0f7972d52a56546a64c9e1e976175c42597deb4f
545,4537cbee8f3551be937a62c378f99ea204e2c01bbce2fa801011b5bf43493ca5
546,67b0d221f29fe7ac08ed657340cfc02b6953b794e2cd1925caf04124b0fbd33c
547,d1ea6d02d4fd359d5f4bc596c8a292ba958b01de2d896da24022c7da78af4243
548,6496fce5815adebf93c063884522673cb1cd5f9d87bc52ea38cecd422249a526
549,324721fbfcd2240c99d2a90d4f4983a72a05c62738373f7c635531b7e5ecdb67
550,f8b9b22bee09df9f5f79c1fb6be56195fff09a728ffd679a52f2595518ea24d2
551,7ee24d30ee41c97494b67f90f2ed52b9e96f517a7aff3ee9bb4bafedf5b6212b
552,10a2ec31cd23faad0c46e72b25f5421dae68eb827ed7b0eea3d3c1b471f5e183
553,cf6b07045a7ab8702be29655de31214beb912de57be3fcf7590dc1071f1f1baf
554,55156ef7d098a1f4ad03fcf5a514c87f5fba732e40b8247daf3766311fe542aa
555,c9ea7d58d7d7107f42f99f98ea27df682bb5e752376cb75628825bf718c0204a
556,ce5b96f2c3ae54fc6d612a617d2067ee7ea9b9c9be615fb738a70ce6cdba53ca
557,75cf3892d159358101929e5eacfb4d712288181ce3039276951e9a08ae94aac6
558,e7f6d42ee654a6d23fd5e00d5d38cf2e380419ce17dbfb0a049ef057bf82e875
559,6d14106749901d87f788f286117c725155f0f44edbc0ec94ccb3e6f322ba7ba6
560,fb34ad696409b6143e8f5cdc21d375dccab0135ce87b2d3795d898d3926e042f
561,9aa2df1f12e823c27555d1fd653a2c0dc651533f3bfdba9b036e2caf3587c091
562,8f7fa175eb2f5d8f2bec4618727183579eebc5c4621b7f138a25f0baa8088f3c
563,ab4dfa3888dcec959962458c7465e863370ed1185f0d945c070ae86376f2ebcb
564,a966a5de42d69ec565641da689bb918ee1434d0ad7ba1428c5480ce812bc7d47
565,9e881e93fe1cdff2a0bf46eec828ff78ab4b87d91f29fefb0f32ce7a662f79bd
566,f102dd72162a8b73d8768011de9f6cb5cc7e46101077c0708389a408c59320fe
567,9b85f0378d3583a8f3033811ad1833a96700231cdb85ab3a5d31d888c34374a6
568,14e01e96cab23b0af245be553be755425b1db8ad4a55d5d064016888180985be
569,57515bb494be85fbf2f2a3ac69e35a9c3e5fa2cf72df465828feece4a565283b
570,82beb02d01a2f2a09bc96d2fb0a993706251027b592e389177e068b4620567dd
571,541c99d2dfa2399492f12ca13647f87540966245a655e79c60cfd0fdbc7ccee6
572,4a5b325da63fd7276b44671152d283d079674d822ed8884f3e8ccc6c52b20047
573,ee01220e8a522d72d0bdd03c245522a452bb1dcb58982b63e568e9a155cd20a2
574,e87c80b504a1d3e26c1b4d134e0f57aac6bb921d100d8709ea66a7d35182ac5c
575,01ad34255db6b04408660d799c5b1e5f1fb966f7a2fb9dfcbcc38a7454577825
576,2c480f76349a011e049e55030db27135d52ba1862e03ff94f6980b08dd147d8d
577,fdd77d9c22571657d1b31bf7f7b129b0e6306ff0d559eb21c39512daaed428a2
578,2e7a8a2f1c94be20f709c37e8f6ec2c9417519af4b0156bc88bcac09c971be1a
579,9ab91d54f5cea81eeab19ded84cdf5c29f4bbc77c3dbff1199e1dd20ad012d07
580,0ed2532a6f14a65a8186bc2f658dd747f4305bfa5cc925cfa5fbd770b2923395
581,869222c254d3f52dd1f56b3cd4f8c0cfd97a68b417f8b624e55cd1c26834ed5c
582,d62155a7d07b7cba15296b8234575c752fcfbdeeb1c03019b338cf305701f77d
583,ee266ca934d715298324ae86cfcff06c3d54b2341ab76dd6776bc9f8e6aac721
584,0f1b4f0df58a3878e84b7708b09816a27c70fb929cfb46cbd017a1e694237875
585,9e44732b28f3cad7b3e24129bcf4cd09f59ef0e7132fdc7d14b769d9711e40b3
586,c8c1d656c8a60b09c9e597a6822dcc705b032356e8a570d39130cb166f9c53fe
587,d71c022c3ff1fe98db508c6783bf06273f3a58c2895e8d91d7979f7162616dbf
588,ca3d84e1189af2c2f1503606328738efea947996534391c93bef681321b6928a
589,9c5e927440c246eccf7c89a9962b9545294429350f0d6e45c7e12887783bf9f3
590,33b5b3e574b5251904be3d6c90041d1511b1093507d07732a0b3f341b7bc33fe
591,1339a04a166bfe99dcf9f0caa9ac07d32c1bd3c71756e29a4fb8892f50619340
592,e6d3b0c42a1ef362f99c1f9cfc847ce293d75a9b94a42b7e130103d4aed085c4
593,512bd19a36f9136d95e1b9dc55e5174d38ee86514852adfa302c83f8323d02d2
594,22ba3966e03c7b3fdf48bca7d2077fbf542b39bd3d6a4cba91c84766da178e16
595,40ba8ce5193d7539eca2a485292a31d4dc8c0442e20091e352848e05056ecf88
596,0e65e856dc94ce3e937ca2f04f94512791198ce75e79aa74b91483b340ea63a8
597,27a5ccb7a8809f7d19822bb5c2f1c3cd339858c80a47176a56d9543f47995d32
598,a7bf89b958364105bdac605b127b90f05e6df9b9018d8bf1095c15abe0583367
599,28d32432109e650ecde794dc4a34c5f152b63ca168c4dc88b5660c49b545405d
600,45a2b9a336dab477b7f16b7cfcdd8d5fa2896ea0361b1ba5f6beb87ce9e3bc1b
601,c19e858d72c04b1df24ebaa64ae3a376a5fe16a4e242e369ff237f6719a61e77
602,3f5d054a60d6abce023b8cfcdbc793e9736c7d1204f1ef5f1dbea8c63cb9496c
603,f89b6221b7644959c74f8cb63d902ed446e576bb28bff22a66e6f798a9bd7885
604,4c3d53aebe772f37741587c2c2d41ee999456e2a3c64e39a5574a475b9c09551
605,63363e9b313ead59815fc7a0d1c17a6e65cd497f840807d0b37c9f3dc01447be
606,39b4f23714337a613404e9d54cec66d4a255799eedac2e0b8ca304de7d51b4c0
607,4ec4ee4bb92602d1dcc465f494b1b71d7fc640e28a4fe673bd66cf314ecb8039
608,0bd987f50f911990fde7a61b8bc2b27a7695bee3d86ff51576387356d5bab590
609,74ef6ec05589eb8f20ebf503445782f1a1421e33588e21b8cfdf6b57fe68e7e6
610,e45658ba0cc99d6d7a84489c524b0b331ca0af14b888a65d3666137dce506a78
611,5503947671488e3af60bc6f572ce2827a5401826f7169f5fde05c78aa0eadaad
612,8eb450fc6883921e4abd30f39fb3390328ed90c11ca7f94ac5385f2df36f8f5c
613,e44f808a0a2753370575470df60f2ad324557390f9b10626e7f39f75c5552942
614,ea79f27d0d7307a21c076e51e22379542408ad68a29df8f90278d5341c260741
615,364134397c35af32451848be2d69b14cf23bf332f315d5c65cda6af3d80511e2
616,792e15752cc21532e591a1385a262666b20edd1d7219163732262d5a1f70d7b7
617,3e36332d6d884e6290fa9da680ad1ee863f305026defb5d03af8673ee096bf65
618,8cadb0a11afe6b76e1c1caa9334f917fab22c1ae43a6adc0a4d787df3d304ec9
619,65c8e82a74685918e4ef019aa633923558b64d04a3ec93e8b936cf6976a443d3
620,8ff30eaeaea3cbb540ef31d00bebd94b2fb35bd1391b571d124cb46d8d373b7b
621,1ec58a450e1517618361212d03361042ffb7647ed2ac0acd65fb0c84a2e01e04
622,d9d67c66cc7b0791934fb8bd4d91044a97df1387002cd0df8f05265cc657a67d
623,10f23f853e36deb8d043e91d5a056ace8dad34331fdc26d6050654f7a152c97a
624,3727619186487581c381abd69145cc3b6bf729909da1e67340e373a694453068
625,45f5f66423fbc4bc6b5ecd2a85eaec6ff43bc2b0f796c03f5429b24a5945178d
626,ad50e6767efa512f47852ffdd88af72fbbb932cb5ae5c704ce7887063d2b5eea
627,55c1f7f7f336eb24a1443d17ac826bc49c07886d2124c1bb035fd47b14f79139
628,010886e8d02c0c99726b30d5380bcc7a05c80d7e627d7751d3725f24fb6ce58d
629,a6baff476c4330a59bc344d1d7e38e2bae730642f68d26939c308ab1a925c392
630,86a67fddfcabfd4342c01d107e557671b9f3e86100d5d55c36f6164199554682
631,831b67319c5d64abc33a7451c9c97246bfba22ddc192610c9c0d4d0abf72f59f
632,217bc4933a8024983a500b80687b50f3779dfdae76e017d5d59af29b2c564733
633,e6aad85805c386351f4094cdd9432d1561d77c04d7e0a25776c286ee1e5217da
634,8abfdb50883623d4d0385f879e633cf7e66b4ec21c0bac18d05ec74b67bb9627
635,7aa4299dc082dc0ea8d94044ecf79b0b69548ed4d00d82ddd79934f6553b813a
636,e62b96182ae0e7548809d90ee2e7e2f99864da0ce4ee1410270ec2f110a9e553
637,c327de5170c0b50a1a9ac1e2c45f55fdc89f0f90d0f976fb87cc021f05ce56b7
638,dc52bd630f7720f8cdbb6ed0e263372766623b14fc114d1101a56cbe35303d75
639,c405aaab29d667d08434ed0ac2ab3822422f5ddc23bda9e360bc16c17e298903
640,30d100525d4d13f31a39f77a2bc708ea346bcef48ee72e6f945d2a79da24ae09
641,2f67253c2eb728411aa358338ec876a33eb608139c2965c34cba43bf6ecbf7ea
642,7cde4d8c27555d665e330ae003a2768070e725e25bbdda84e6e5f04dd3ce76f2
643,10c8c2f1b4e42eb7d625e8542529942c147a3fcb980267290a0d91f436b2ef28
644,2e8cea91dda1558b2997dd16264fc40bdb1f4052ee436fa65b07dd9a29f3fed0
645,0e56a244099db4281c46d66f46f80f823eda82c8f7e283f2ae0141979515930b
646,48c3660926f5d0b7b1d0347241fcc440558624710eeb405a39be488e785bde7c
647,d7d8ff355599807c48f17d1a02e0925e20898bfbf5b21f839b17dba69f347206
648,73745e7070956d0f6258e52d9ba607df8cf9fdf9b45af7ea031bf04c60d80606
649,bea77c9277d2f71d7ce18e07d6c17c60b09e00c4f5345978055c59078b7381f8
650,e05337aa6e14752ef0e0c2f8615a401861aff2dbcb53e69072baf0c4957759f2
651,a8cc67392525c8f0c19c2f6fb87427ceba28da09ce9139bd3a569e06397c9799
652,346ae9d567b125e2a9a0ab6740f91f17a838bb33d17db9b9b508fd1ea518f44b
653,f9691249c9c4ed3a7ac9421d531cec389260323df3f7388c60b64fff08b11947
654,f6c91069d7e64c7b3281062abd702df457f96a98a30a00479e72c56791c6670a
655,fc3d1f020e6914fd5d83a0c7bae43e301dbd2a96906b2408a010efd04c5e3456
656,a28b276b74e1c586f3006651934e1c7cda9d6cad8e413e3f79c8e7b112ff4512
657,1b9fc0e7974c82abb65c0b15e994c5cc61d4661de4f0e5ef2045b56debf1c444
658,0570081ff1a07bbb62a8e1fee5bee1efc494864bb751c876c05a1e30a7732f3f
659,e4d14eb568f09652536391429e7e8a3fe382fba4ce8b03c139b6e8d4c732f65c
660,120b7d738c3cd7520e29ee1d75c42bc38e93bb8a817caccc7d2b16642504c9f1
661,2e6033b6a89e96d152fb34e4c97d15981480e270a069514b1eb5add352eec1f7
662,9d8936494528d32f1af331eb6996f9c62d4e9b39cf4b7f8e8600463f8f4ac003
663,228d0db26b6f04cf7b2c4f3f8f6552c156f94b07fbad10f09af5f7d7c40f9060
664,33b414efcd68adb4811d4d1fbce53765d8080ed81a05a648debe26f1d8c4c843
665,2f84b1458e5be8e234417b6188fd3cdf82a0ea43994448773363388e6ff16212
666,eed6efec946dbea4427c77e71a7ef7f5f36aaa30491921b9940061ad0ed7e264
667,2d6dc2a73124f06e983f2a5f0d79bc0fa3310c13b4720d8fc6b53b2e18babf13
668,fabd7e0a17c7f7b26750c509857e73e858b401f359d046f5eb4034b692459359
669,4cef056643af5a0ed638efb07fbe2a8b1d6f2a1600537e87fd334e356d7d2011
670,07941dc46e8e47fcfcf04e5cbbc5d6e39e0b1f805c9f119d9e6ea314227a0dc1
671,8187c5d2d211fdc0c26dca0569f7f29df3987feba4ee59413e7bae9804f32b15
672,b37ab596a4447bf7e9bead8a795df128b8cdadc0268aefbfd911b725637fab55
673,0b570ceed75962cc2e0ca223bce55665625739e1630bae808f88ef77ac5f968a
674,53c3b1ec483531cbbe22a805c811e5471d9930710f671e928dc23c352ca98d36
675,df508a68cf9a5f7e5e8b03a11dd0b04626293131e8931910ba025343b2986779
676,1cee1408fa5182dbc667b22011901e029bdba5eb0fe2f0f93185790b81737f7d
677,7584f7a53bd8e51c966caf3eaa2a5af70b8e656a44f13f4f69bda6d5a1c6c0c0
678,1a5baa4b00366bc65e747b80b9c8b4c6fc2e09dbb1ceb4ab3bf117e0381568b2
679,274c1b8d44ada526c4ec30111b6aec0479ec513cf6950b484a916a49e20c843d
680,71da3d5f6d9fddf09cebc30d6211cb54adc22509b673961ce609a1aa2396b62e
681,4d45d9600a4029c75194b4eae4c712fabe6b983d7fd7c6a6c16f4580cdda8713
682,5e8c5420ee651037c01a2912290e3ad99bbb83a7b75d23d86cbe2906c164a6ae
683,0a1b7dc0871f42bb96580338f27d96b334ac4f765539d298983c358719bdbade
684,65dab7e7a05b411928ccf8ef0ede0c484e2dd13020ad05c55b0cc21ae95e6402
685,aa3f701032ba3fec5734297e44dbe305988aaaf34bb99e0a3fd2b226ca66f196
686,2d6c384daa580c4e4d15e7dbdc95c0bcbb0b9a80bf0e825f544cb14c25e4979d
687,6e4eb69cadb8db1cc46e8225a142cb995813a9061d29d0afb975705e8b59b71b
688,7d3081f152e13421144cf16bbc71a0504f4c32db36f3ce120ab05aec5213b263
689,dad411747db4fa8b70641ec64efbe703c801d6c06347f79c3fd7963b033e26fc
690,a7e9cb2d7214ce212d873703fdabcfdadb262f309ee1bc1cfce110425c96e04a
691,0ce44a137a2f1d96d3f6c11cc9406d0dfd801a335dbabd4a556a00308a10bd5e
692,4e968a7ffcbda871ae243398a08a58c506547574b2787517552871a500cff155
693,7c914cc6f1d809fa24c98a129eba3b210d4e158a4520802ba4b83ae5dffc7540
694,84e93981e478944a73c9c4cbbf06258e60376cf62baddeb0b8bd7fbb4db18d6e
695,e311cbaf87d7dbb29ae442ff366430a30b94812092106ad4234eecb02cd23692
696,f91220ca4e8382ac0b024e92458f41b910b0647f605755ec0a4ddd00cebe4d4e
697,1761446180a869d4d7f1a7abc9d2b71a0107ff5994eada71073b58ca29814ec9
698,1ea971511de56c24919873235a945d4a2b09002a26e753d2cdd8409b7ed713da
699,50b676c4a9b7037f9f31dfab8819634063d0149c9db2ce402936055022929479
700,df34ff496e3755e61208ceb8cc548f1066b5ae948dbbf24831d8b14be2ca0b0b
